{
  "vessel_bbox": {
    "min": [
      -0.11583789438009262,
      -10.536354064941406,
      0.04871712625026703
    ],
    "max": [
      0.5835171937942505,
      0.3401666581630707,
      36.84931945800781
    ],
    "range": [
      0.6993550658226013,
      10.876521110534668,
      36.800601959228516
    ]
  },
  "surface_bbox": {
    "min": [
      -0.25595828890800476,
      -7.423867225646973,
      26.88384246826172
    ],
    "max": [
      0.9137128591537476,
      3.5497684478759766,
      37.754547119140625
    ],
    "range": [
      1.1696711778640747,
      10.97363567352295,
      10.870704650878906
    ]
  },
  "coverage_ratio": [
    1.6724997758865356,
    1.0089287757873535,
    0.29539474844932556
  ],
  "center_distance": 12.88097095489502,
  "min_distance_stats": {
    "mean": 9.276391548113287,
    "std": 8.640127681057646,
    "median": 7.337773737844083,
    "max": 27.00479717243044,
    "min": 0.10085528611158626
  },
  "smoothness": {
    "horizontal_mean": 0.4696212112903595,
    "horizontal_std": 0.17780205607414246,
    "vertical_mean": 0.4636618196964264,
    "vertical_std": 0.1792719066143036
  },
  "normal_consistency": {
    "mean_angle_diff": 1.2955304384231567,
    "std_angle_diff": 0.6874440312385559
  }
}