{
  "vessel_bbox": {
    "min": [
      -0.11583789438009262,
      -10.536354064941406,
      0.04871712625026703
    ],
    "max": [
      0.5835171937942505,
      0.3401666581630707,
      36.84931945800781
    ],
    "range": [
      0.6993550658226013,
      10.876521110534668,
      36.800601959228516
    ]
  },
  "surface_bbox": {
    "min": [
      -0.07250865548849106,
      -7.315492630004883,
      27.051485061645508
    ],
    "max": [
      0.6949626803398132,
      3.4472405910491943,
      37.667354583740234
    ],
    "range": [
      0.7674713134765625,
      10.762733459472656,
      10.615869522094727
    ]
  },
  "coverage_ratio": [
    1.0973986387252808,
    0.9895382523536682,
    0.28847000002861023
  ],
  "center_distance": 12.873197555541992,
  "min_distance_stats": {
    "mean": 9.244471224047517,
    "std": 8.633748818948787,
    "median": 7.283068860163008,
    "max": 27.01706218342983,
    "min": 0.12758850214141426
  },
  "smoothness": {
    "horizontal_mean": 0.3940702974796295,
    "horizontal_std": 0.12889856100082397,
    "vertical_mean": 0.3945614695549011,
    "vertical_std": 0.1356830894947052
  },
  "normal_consistency": {
    "mean_angle_diff": 0.9076691066693481,
    "std_angle_diff": 0.5289903327427805
  }
}