{
  "vessel_bbox": {
    "min": [
      -0.11583789438009262,
      -10.536354064941406,
      0.04871712625026703
    ],
    "max": [
      0.5835171937942505,
      0.3401666581630707,
      36.84931945800781
    ],
    "range": [
      0.6993550658226013,
      10.876521110534668,
      36.800601959228516
    ]
  },
  "surface_bbox": {
    "min": [
      -7.654977798461914,
      -7.772433757781982,
      -3.9921481609344482
    ],
    "max": [
      7.747215747833252,
      8.36762523651123,
      3.272383689880371
    ],
    "range": [
      15.402193069458008,
      16.140058517456055,
      7.264532089233398
    ]
  },
  "coverage_ratio": [
    22.02342414855957,
    1.4839357137680054,
    0.19740253686904907
  ],
  "center_distance": 19.53428077697754,
  "min_distance_stats": {
    "mean": 16.84671679911231,
    "std": 10.313817239757444,
    "median": 16.83612623030377,
    "max": 34.77963052735859,
    "min": 0.28045829717682713
  },
  "smoothness": {
    "horizontal_mean": 2.561448574066162,
    "horizontal_std": 1.0768715143203735,
    "vertical_mean": 2.576615810394287,
    "vertical_std": 1.0897510051727295
  },
  "normal_consistency": {
    "mean_angle_diff": 1.5711068587122243,
    "std_angle_diff": 0.7402049267991706
  }
}